aland10,ameri_es,asian,awater10,black,city,county,countyfp10,funcstat10,geoid10,geoid10_1,globalid,hawn_pi,hispanic,hse_units,intptlat10,intptlon10,mtfcc10,multi_race,name10,namelsad10,non_hispan,objectid,occup,other,pst_cd,shape_star,shape_stle,state,statefp10,sumlev,total_pop,tract,tractce10,vacant,white,nbhdname,objectid_2
1217600.0000000000000000000000000000000,39.0000000000000000000000000000000,49.0000000000000000000000000000000,0.0000000000000000000000000000000,215.0000000000000000000000000000000,,"029","029",S,"36029000200","36029000200",{07E531ED-2B29-45FC-A79D-9AC8F72D4375},1.0000000000000000000000000000000,577.0000000000000000000000000000000,1922.0000000000000000000000000000000,"+42.8528428","-078.8279078",G5020,119.0000000000000000000000000000000,"2",Census Tract 2,3499.0000000000000000000000000000000,23.0000000000000000000000000000000,1678.0000000000000000000000000000000,168.0000000000000000000000000000000,,0.0001340977194723018449742935054,0.0553793864694680643134816477868,"36","36","140",4076.0000000000000000000000000000000,"000200","000200",244.0000000000000000000000000000000,3485.0000000000000000000000000000000,Hopkins-Tifft,33.0000000000000000000000000000000
1101376.0000000000000000000000000000000,8.0000000000000000000000000000000,17.0000000000000000000000000000000,0.0000000000000000000000000000000,1847.0000000000000000000000000000000,,"029","029",S,"36029002502","36029002502",{0A97DD41-DEEE-40D8-820D-0F4DBCA8B2CB},0.0000000000000000000000000000000,119.0000000000000000000000000000000,1092.0000000000000000000000000000000,"+42.8928297","-078.8618296",G5020,52.0000000000000000000000000000000,"25.02",Census Tract 25.02,2068.0000000000000000000000000000000,22.0000000000000000000000000000000,930.0000000000000000000000000000000,59.0000000000000000000000000000000,,0.0001213750098088626615949747745,0.0539158262068424112833930905708,"36","36","140",2187.0000000000000000000000000000000,"002502","002502",162.0000000000000000000000000000000,204.0000000000000000000000000000000,Pratt-Willert,29.0000000000000000000000000000000
774118.0000000000000000000000000000000,18.0000000000000000000000000000000,37.0000000000000000000000000000000,0.0000000000000000000000000000000,241.0000000000000000000000000000000,,"029","029",S,"36029002300","36029002300",{F164544E-B631-43C3-8827-41885F756BCB},0.0000000000000000000000000000000,205.0000000000000000000000000000000,1716.0000000000000000000000000000000,"+42.8872547","-078.8079605",G5020,66.0000000000000000000000000000000,"23",Census Tract 23,3131.0000000000000000000000000000000,45.0000000000000000000000000000000,1500.0000000000000000000000000000000,52.0000000000000000000000000000000,,0.0000853020963621345710246879346,0.0444535213515776170267734812569,"36","36","140",3336.0000000000000000000000000000000,"002300","002300",216.0000000000000000000000000000000,2922.0000000000000000000000000000000,Lovejoy,32.0000000000000000000000000000000
1538861.0000000000000000000000000000000,5.0000000000000000000000000000000,0.0000000000000000000000000000000,17591.0000000000000000000000000000000,3117.0000000000000000000000000000000,,"029","029",S,"36029003500","36029003500",{205274B3-2877-4945-8BC7-7F87E0B84BE6},0.0000000000000000000000000000000,94.0000000000000000000000000000000,1983.0000000000000000000000000000000,"+42.9088227","-078.8364554",G5020,68.0000000000000000000000000000000,"35",Census Tract 35,3217.0000000000000000000000000000000,60.0000000000000000000000000000000,1490.0000000000000000000000000000000,20.0000000000000000000000000000000,,0.0001715686730857646224990276096,0.0672336152790034419224340922483,"36","36","140",3311.0000000000000000000000000000000,"003500","003500",493.0000000000000000000000000000000,101.0000000000000000000000000000000,MLK Park,22.0000000000000000000000000000000
1052397.0000000000000000000000000000000,128.0000000000000000000000000000000,260.0000000000000000000000000000000,404521.0000000000000000000000000000000,601.0000000000000000000000000000000,,"029","029",S,"36029005802","36029005802",{AA66F829-36B4-45A8-95FC-4E1314ED9556},0.0000000000000000000000000000000,1132.0000000000000000000000000000000,2039.0000000000000000000000000000000,"+42.9517725","-078.9070471",G5020,256.0000000000000000000000000000000,"58.02",Census Tract 58.02,3749.0000000000000000000000000000000,34.0000000000000000000000000000000,1782.0000000000000000000000000000000,541.0000000000000000000000000000000,,0.0001150176760096654820716977063,0.0658363323035932451743335036554,"36","36","140",4881.0000000000000000000000000000000,"005802","005802",257.0000000000000000000000000000000,3095.0000000000000000000000000000000,Riverside,10.0000000000000000000000000000000
477795.0000000000000000000000000000000,8.0000000000000000000000000000000,55.0000000000000000000000000000000,0.0000000000000000000000000000000,527.0000000000000000000000000000000,,"029","029",S,"36029006201","36029006201",{A1F3D562-E3FE-4DB3-8646-90D7837C1788},1.0000000000000000000000000000000,199.0000000000000000000000000000000,0.0000000000000000000000000000000,"+42.9341905","-078.8834970",G5020,54.0000000000000000000000000000000,"62.01",Census Tract 62.01,1350.0000000000000000000000000000000,8.0000000000000000000000000000000,0.0000000000000000000000000000000,70.0000000000000000000000000000000,,0.0000526893070215194103894998379,0.0320683969135930890814734084415,"36","36","140",1549.0000000000000000000000000000000,"006201","006201",0.0000000000000000000000000000000,834.0000000000000000000000000000000,Elmwood Bidwell,7.0000000000000000000000000000000
1199024.0000000000000000000000000000000,12.0000000000000000000000000000000,95.0000000000000000000000000000000,0.0000000000000000000000000000000,4705.0000000000000000000000000000000,,"029","029",S,"36029004300","36029004300",{29BC4065-8C01-45B9-B3DC-31BB979A6C30},1.0000000000000000000000000000000,201.0000000000000000000000000000000,2615.0000000000000000000000000000000,"+42.9447596","-078.8071734",G5020,175.0000000000000000000000000000000,"43",Census Tract 43,5774.0000000000000000000000000000000,67.0000000000000000000000000000000,2274.0000000000000000000000000000000,65.0000000000000000000000000000000,,0.0001322454447113578725366000999,0.0500406839223899585489263586169,"36","36","140",5975.0000000000000000000000000000000,"004300","004300",341.0000000000000000000000000000000,922.0000000000000000000000000000000,Kensington-Bailey,16.0000000000000000000000000000000
1213159.0000000000000000000000000000000,1.0000000000000000000000000000000,396.0000000000000000000000000000000,0.0000000000000000000000000000000,179.0000000000000000000000000000000,,"029","029",S,"36029004602","36029004602",{BE8C9813-E4F7-41EC-95F6-893A15C8024E},2.0000000000000000000000000000000,79.0000000000000000000000000000000,1.0000000000000000000000000000000,"+42.9544540","-078.8143912",G5020,48.0000000000000000000000000000000,"46.02",Census Tract 46.02,1295.0000000000000000000000000000000,72.0000000000000000000000000000000,1.0000000000000000000000000000000,36.0000000000000000000000000000000,,0.0001338257221870353935039288373,0.0576033249928545529328083318887,"36","36","140",1374.0000000000000000000000000000000,"004602","004602",0.0000000000000000000000000000000,712.0000000000000000000000000000000,University Heights,15.0000000000000000000000000000000
956845.0000000000000000000000000000000,68.0000000000000000000000000000000,48.0000000000000000000000000000000,0.0000000000000000000000000000000,504.0000000000000000000000000000000,,"029","029",S,"36029005700","36029005700",{ED4EEB37-ABDD-4B29-9025-C5E55A1DC95C},1.0000000000000000000000000000000,791.0000000000000000000000000000000,1345.0000000000000000000000000000000,"+42.9497231","-078.8992508",G5020,154.0000000000000000000000000000000,"57",Census Tract 57,2132.0000000000000000000000000000000,5.0000000000000000000000000000000,1168.0000000000000000000000000000000,256.0000000000000000000000000000000,,0.0001055433403086896912426162487,0.0487802135194787406247129979420,"36","36","140",2923.0000000000000000000000000000000,"005700","005700",177.0000000000000000000000000000000,1892.0000000000000000000000000000000,Riverside,10.0000000000000000000000000000000
1399717.0000000000000000000000000000000,30.0000000000000000000000000000000,16.0000000000000000000000000000000,126878.0000000000000000000000000000000,138.0000000000000000000000000000000,,"029","029",S,"36029001100","36029001100",{B476E761-6CE9-4091-B3C5-A2F203440425},1.0000000000000000000000000000000,211.0000000000000000000000000000000,1575.0000000000000000000000000000000,"+42.8626272","-078.8154183",G5020,82.0000000000000000000000000000000,"11",Census Tract 11,2943.0000000000000000000000000000000,30.0000000000000000000000000000000,1398.0000000000000000000000000000000,30.0000000000000000000000000000000,,0.0001681546579816214481012393023,0.0675008842841269413037608160266,"36","36","140",3154.0000000000000000000000000000000,"001100","001100",177.0000000000000000000000000000000,2857.0000000000000000000000000000000,Seneca-Cazenovia,33.0000000000000000000000000000000
1416421.0000000000000000000000000000000,17.0000000000000000000000000000000,74.0000000000000000000000000000000,0.0000000000000000000000000000000,1870.0000000000000000000000000000000,,"029","029",S,"36029003000","36029003000",{61C3AF49-0AF1-41BB-B6D2-18E5A2D53167},0.0000000000000000000000000000000,178.0000000000000000000000000000000,1381.0000000000000000000000000000000,"+42.9035782","-078.8059455",G5020,77.0000000000000000000000000000000,"30",Census Tract 30,2476.0000000000000000000000000000000,50.0000000000000000000000000000000,1107.0000000000000000000000000000000,66.0000000000000000000000000000000,,0.0001561207548432164864734422727,0.0534682793999725208822226818484,"36","36","140",2654.0000000000000000000000000000000,"003000","003000",274.0000000000000000000000000000000,550.0000000000000000000000000000000,Schiller Park,24.0000000000000000000000000000000
691272.0000000000000000000000000000000,84.0000000000000000000000000000000,117.0000000000000000000000000000000,0.0000000000000000000000000000000,294.0000000000000000000000000000000,,"029","029",S,"36029005801","36029005801",{CBF8CF13-DE2B-4763-9EE6-844B1183B4D1},4.0000000000000000000000000000000,632.0000000000000000000000000000000,1525.0000000000000000000000000000000,"+42.9611512","-078.9004612",G5020,142.0000000000000000000000000000000,"58.01",Census Tract 58.01,2734.0000000000000000000000000000000,37.0000000000000000000000000000000,1393.0000000000000000000000000000000,182.0000000000000000000000000000000,,0.0000762632169110023143757115527,0.0422764734466186190009473477858,"36","36","140",3366.0000000000000000000000000000000,"005801","005801",132.0000000000000000000000000000000,2543.0000000000000000000000000000000,Riverside,10.0000000000000000000000000000000
865764.0000000000000000000000000000000,37.0000000000000000000000000000000,62.0000000000000000000000000000000,0.0000000000000000000000000000000,488.0000000000000000000000000000000,,"029","029",S,"36029006800","36029006800",{B58F4ECD-6675-4DCC-9972-1EF64692F98D},0.0000000000000000000000000000000,364.0000000000000000000000000000000,2406.0000000000000000000000000000000,"+42.8985530","-078.8761113",G5020,107.0000000000000000000000000000000,"68",Census Tract 68,3016.0000000000000000000000000000000,16.0000000000000000000000000000000,2039.0000000000000000000000000000000,129.0000000000000000000000000000000,,0.0000954184374801108942283633940,0.0425717972184920662170881655584,"36","36","140",3380.0000000000000000000000000000000,"006800","006800",367.0000000000000000000000000000000,2557.0000000000000000000000000000000,Allentown,3.0000000000000000000000000000000
620221.0000000000000000000000000000000,3.0000000000000000000000000000000,7.0000000000000000000000000000000,0.0000000000000000000000000000000,2500.0000000000000000000000000000000,,"029","029",S,"36029003800","36029003800",{3B3D33F6-42D2-49AD-989B-F654BD4020B8},0.0000000000000000000000000000000,105.0000000000000000000000000000000,1323.0000000000000000000000000000000,"+42.9168115","-078.8018266",G5020,65.0000000000000000000000000000000,"38",Census Tract 38,3003.0000000000000000000000000000000,63.0000000000000000000000000000000,1141.0000000000000000000000000000000,44.0000000000000000000000000000000,,0.0000683763415157182766635629578,0.0400820773032953062142702549409,"36","36","140",3108.0000000000000000000000000000000,"003800","003800",182.0000000000000000000000000000000,489.0000000000000000000000000000000,Schiller Park,24.0000000000000000000000000000000
1097721.0000000000000000000000000000000,10.0000000000000000000000000000000,24.0000000000000000000000000000000,0.0000000000000000000000000000000,3812.0000000000000000000000000000000,,"029","029",S,"36029003700","36029003700",{05C72F83-114C-42C5-AB42-4015FBD53786},0.0000000000000000000000000000000,124.0000000000000000000000000000000,1989.0000000000000000000000000000000,"+42.9155947","-078.8090502",G5020,106.0000000000000000000000000000000,"37",Census Tract 37,4344.0000000000000000000000000000000,62.0000000000000000000000000000000,1640.0000000000000000000000000000000,24.0000000000000000000000000000000,,0.0001210160838372565761215937652,0.0482074159298840829168675270466,"36","36","140",4468.0000000000000000000000000000000,"003700","003700",349.0000000000000000000000000000000,492.0000000000000000000000000000000,Schiller Park,24.0000000000000000000000000000000
1410254.0000000000000000000000000000000,6.0000000000000000000000000000000,3.0000000000000000000000000000000,0.0000000000000000000000000000000,2816.0000000000000000000000000000000,,"029","029",S,"36029017000","36029017000",{930586D6-8E2D-48E1-9840-BB5794894D0F},0.0000000000000000000000000000000,74.0000000000000000000000000000000,1327.0000000000000000000000000000000,"+42.9254898","-078.8296225",G5020,68.0000000000000000000000000000000,"170",Census Tract 170,2998.0000000000000000000000000000000,54.0000000000000000000000000000000,1151.0000000000000000000000000000000,13.0000000000000000000000000000000,,0.0001554952737414026071004202745,0.0610859022552573127651243112268,"36","36","140",3072.0000000000000000000000000000000,"017000","017000",176.0000000000000000000000000000000,166.0000000000000000000000000000000,Delavan Grider,19.0000000000000000000000000000000
646495.0000000000000000000000000000000,75.0000000000000000000000000000000,410.0000000000000000000000000000000,0.0000000000000000000000000000000,711.0000000000000000000000000000000,,"029","029",S,"36029006902","36029006902",{9281F4B0-61E3-4B8B-A93F-9EB7EDB9146B},5.0000000000000000000000000000000,970.0000000000000000000000000000000,2219.0000000000000000000000000000000,"+42.9036315","-078.8870611",G5020,198.0000000000000000000000000000000,"69.02",Census Tract 69.02,2978.0000000000000000000000000000000,35.0000000000000000000000000000000,1830.0000000000000000000000000000000,414.0000000000000000000000000000000,,0.0000712580278692835286658002758,0.0362551097820447282282785295138,"36","36","140",3948.0000000000000000000000000000000,"006902","006902",389.0000000000000000000000000000000,2135.0000000000000000000000000000000,West Side,4.0000000000000000000000000000000
1258779.0000000000000000000000000000000,1.0000000000000000000000000000000,45.0000000000000000000000000000000,0.0000000000000000000000000000000,2330.0000000000000000000000000000000,,"029","029",S,"36029003600","36029003600",{2FEB1110-5648-402F-8882-9E395CEA1E23},0.0000000000000000000000000000000,101.0000000000000000000000000000000,1403.0000000000000000000000000000000,"+42.9163841","-078.8190746",G5020,58.0000000000000000000000000000000,"36",Census Tract 36,2507.0000000000000000000000000000000,61.0000000000000000000000000000000,1079.0000000000000000000000000000000,8.0000000000000000000000000000000,,0.0001387734738221737651030912586,0.0508873613010392064626152830442,"36","36","140",2608.0000000000000000000000000000000,"003600","003600",324.0000000000000000000000000000000,166.0000000000000000000000000000000,Genesee-Moselle,23.0000000000000000000000000000000
1538700.0000000000000000000000000000000,12.0000000000000000000000000000000,84.0000000000000000000000000000000,0.0000000000000000000000000000000,3352.0000000000000000000000000000000,,"029","029",S,"36029004001","36029004001",{44079B60-6858-4251-B470-A5EDEB07308E},0.0000000000000000000000000000000,129.0000000000000000000000000000000,2160.0000000000000000000000000000000,"+42.9341288","-078.8365723",G5020,161.0000000000000000000000000000000,"40.01",Census Tract 40.01,3884.0000000000000000000000000000000,43.0000000000000000000000000000000,1696.0000000000000000000000000000000,26.0000000000000000000000000000000,,0.0001696813576255648808172038500,0.0598192214700124444415330060565,"36","36","140",4013.0000000000000000000000000000000,"004001","004001",464.0000000000000000000000000000000,378.0000000000000000000000000000000,Fillmore-Leroy,13.0000000000000000000000000000000
1088611.0000000000000000000000000000000,6.0000000000000000000000000000000,1.0000000000000000000000000000000,0.0000000000000000000000000000000,3016.0000000000000000000000000000000,,"029","029",S,"36029001402","36029001402",{2E0F0DF0-B531-4F7B-9C6E-DCFBBAE07751},1.0000000000000000000000000000000,136.0000000000000000000000000000000,1822.0000000000000000000000000000000,"+42.8841436","-078.8600299",G5020,45.0000000000000000000000000000000,"14.02",Census Tract 14.02,3117.0000000000000000000000000000000,21.0000000000000000000000000000000,1607.0000000000000000000000000000000,46.0000000000000000000000000000000,,0.0001199517471583016223028728131,0.0474401509802636137114184577968,"36","36","140",3253.0000000000000000000000000000000,"001402","001402",215.0000000000000000000000000000000,138.0000000000000000000000000000000,Pratt-Willert,29.0000000000000000000000000000000
1220296.0000000000000000000000000000000,12.0000000000000000000000000000000,19.0000000000000000000000000000000,0.0000000000000000000000000000000,75.0000000000000000000000000000000,,"029","029",S,"36029001900","36029001900",{23F39E2A-A04D-4DD9-B8A5-98F1E262ECD0},0.0000000000000000000000000000000,129.0000000000000000000000000000000,1625.0000000000000000000000000000000,"+42.8685959","-078.8094726",G5020,45.0000000000000000000000000000000,"19",Census Tract 19,2960.0000000000000000000000000000000,44.0000000000000000000000000000000,1454.0000000000000000000000000000000,41.0000000000000000000000000000000,,0.0001344288826666420011250735467,0.0549232949702963685334466958921,"36","36","140",3089.0000000000000000000000000000000,"001900","001900",171.0000000000000000000000000000000,2897.0000000000000000000000000000000,Kaisertown,32.0000000000000000000000000000000
2069109.0000000000000000000000000000000,46.0000000000000000000000000000000,39.0000000000000000000000000000000,49645.0000000000000000000000000000000,337.0000000000000000000000000000000,,"029","029",S,"36029001000","36029001000",{C8D35CE1-849A-44C8-A984-FC9D404CAC3F},0.0000000000000000000000000000000,455.0000000000000000000000000000000,2738.0000000000000000000000000000000,"+42.8509179","-078.8060662",G5020,178.0000000000000000000000000000000,"10",Census Tract 10,5275.0000000000000000000000000000000,29.0000000000000000000000000000000,2394.0000000000000000000000000000000,125.0000000000000000000000000000000,,0.0002333368227524542769940607556,0.0854344856304689176385025461968,"36","36","140",5730.0000000000000000000000000000000,"001000","001000",344.0000000000000000000000000000000,5005.0000000000000000000000000000000,Seneca-Cazenovia,33.0000000000000000000000000000000
777408.0000000000000000000000000000000,10.0000000000000000000000000000000,16.0000000000000000000000000000000,0.0000000000000000000000000000000,1696.0000000000000000000000000000000,,"029","029",S,"36029002900","36029002900",{DF3D2030-59DE-4786-ABA7-8E91F4F09854},0.0000000000000000000000000000000,72.0000000000000000000000000000000,1260.0000000000000000000000000000000,"+42.9066274","-078.8198651",G5020,40.0000000000000000000000000000000,"29",Census Tract 29,1925.0000000000000000000000000000000,49.0000000000000000000000000000000,819.0000000000000000000000000000000,31.0000000000000000000000000000000,,0.0000856914030528536691151686444,0.0432252076445639593638148312493,"36","36","140",1997.0000000000000000000000000000000,"002900","002900",441.0000000000000000000000000000000,204.0000000000000000000000000000000,Genesee-Moselle,23.0000000000000000000000000000000
998641.0000000000000000000000000000000,7.0000000000000000000000000000000,33.0000000000000000000000000000000,0.0000000000000000000000000000000,3695.0000000000000000000000000000000,,"029","029",S,"36029004401","36029004401",{E29B873F-C693-4CFE-A34A-8AEC10DCFA11},1.0000000000000000000000000000000,92.0000000000000000000000000000000,2059.0000000000000000000000000000000,"+42.9371550","-078.8051332",G5020,99.0000000000000000000000000000000,"44.01",Census Tract 44.01,4073.0000000000000000000000000000000,68.0000000000000000000000000000000,1790.0000000000000000000000000000000,31.0000000000000000000000000000000,,0.0001101310152912066348332431609,0.0480281755144934333068285070567,"36","36","140",4165.0000000000000000000000000000000,"004401","004401",269.0000000000000000000000000000000,299.0000000000000000000000000000000,Kensington-Bailey,16.0000000000000000000000000000000
1725516.0000000000000000000000000000000,11.0000000000000000000000000000000,13.0000000000000000000000000000000,0.0000000000000000000000000000000,3302.0000000000000000000000000000000,,"029","029",S,"36029016800","36029016800",{7876AE7B-DAB8-450A-9A73-95959262A127},1.0000000000000000000000000000000,165.0000000000000000000000000000000,2245.0000000000000000000000000000000,"+42.9115131","-078.8596538",G5020,62.0000000000000000000000000000000,"168",Census Tract 168,3553.0000000000000000000000000000000,52.0000000000000000000000000000000,1667.0000000000000000000000000000000,49.0000000000000000000000000000000,,0.0001902136243857388618432036065,0.0583783065010838736474951815580,"36","36","140",3718.0000000000000000000000000000000,"016800","016800",578.0000000000000000000000000000000,280.0000000000000000000000000000000,Masten Park,21.0000000000000000000000000000000
1168149.0000000000000000000000000000000,9.0000000000000000000000000000000,8.0000000000000000000000000000000,0.0000000000000000000000000000000,2271.0000000000000000000000000000000,,"029","029",S,"36029016600","36029016600",{912C2C30-EB52-4A8C-AF30-0449D8AE1D08},0.0000000000000000000000000000000,60.0000000000000000000000000000000,1493.0000000000000000000000000000000,"+42.8961941","-078.8457739",G5020,29.0000000000000000000000000000000,"166",Census Tract 166,2391.0000000000000000000000000000000,51.0000000000000000000000000000000,1081.0000000000000000000000000000000,16.0000000000000000000000000000000,,0.0001287405676676435680155091701,0.0516005935975491283884686311012,"36","36","140",2451.0000000000000000000000000000000,"016600","016600",412.0000000000000000000000000000000,118.0000000000000000000000000000000,Broadway Fillmore,23.0000000000000000000000000000000
2008068.0000000000000000000000000000000,98.0000000000000000000000000000000,350.0000000000000000000000000000000,380015.0000000000000000000000000000000,1260.0000000000000000000000000000000,,"029","029",S,"36029017100","36029017100",{CC94ACE5-1B8A-4107-B188-A726BC8876F5},13.0000000000000000000000000000000,1202.0000000000000000000000000000000,1951.0000000000000000000000000000000,"+42.9287208","-078.8941253",G5020,231.0000000000000000000000000000000,"171",Census Tract 171,3375.0000000000000000000000000000000,55.0000000000000000000000000000000,1533.0000000000000000000000000000000,553.0000000000000000000000000000000,,0.0002214211105488268944985197351,0.1093972809580242705473906994484,"36","36","140",4577.0000000000000000000000000000000,"017100","017100",418.0000000000000000000000000000000,2072.0000000000000000000000000000000,Upper West Side,6.0000000000000000000000000000000
1676556.0000000000000000000000000000000,30.0000000000000000000000000000000,35.0000000000000000000000000000000,0.0000000000000000000000000000000,687.0000000000000000000000000000000,,"029","029",S,"36029002400","36029002400",{88C264E1-4B43-43D2-9632-3C158392123D},3.0000000000000000000000000000000,266.0000000000000000000000000000000,2446.0000000000000000000000000000000,"+42.8936153","-078.8112525",G5020,112.0000000000000000000000000000000,"24",Census Tract 24,3991.0000000000000000000000000000000,46.0000000000000000000000000000000,1881.0000000000000000000000000000000,47.0000000000000000000000000000000,,0.0001847635008247842654076353863,0.0738395899812213513113690055434,"36","36","140",4257.0000000000000000000000000000000,"002400","002400",565.0000000000000000000000000000000,3343.0000000000000000000000000000000,Lovejoy,32.0000000000000000000000000000000
2312977.0000000000000000000000000000000,9.0000000000000000000000000000000,37.0000000000000000000000000000000,5623.0000000000000000000000000000000,336.0000000000000000000000000000000,,"029","029",S,"36029005300","36029005300",{A2519B16-05F2-40E2-897E-EDFF0B6E2AE6},2.0000000000000000000000000000000,44.0000000000000000000000000000000,540.0000000000000000000000000000000,"+42.9293726","-078.8597263",G5020,26.0000000000000000000000000000000,"53",Census Tract 53,1414.0000000000000000000000000000000,1.0000000000000000000000000000000,454.0000000000000000000000000000000,11.0000000000000000000000000000000,,0.0002556740165677779709485495374,0.0674448311010914097751722806606,"36","36","140",1458.0000000000000000000000000000000,"005300","005300",86.0000000000000000000000000000000,1037.0000000000000000000000000000000,Parkside,13.0000000000000000000000000000000
1068827.0000000000000000000000000000000,9.0000000000000000000000000000000,27.0000000000000000000000000000000,0.0000000000000000000000000000000,45.0000000000000000000000000000000,,"029","029",S,"36029000700","36029000700",{6212EF95-51C1-4B69-816C-BF4D22DE5FCB},0.0000000000000000000000000000000,114.0000000000000000000000000000000,1680.0000000000000000000000000000000,"+42.8371467","-078.8072178",G5020,38.0000000000000000000000000000000,"7",Census Tract 7,3652.0000000000000000000000000000000,26.0000000000000000000000000000000,1579.0000000000000000000000000000000,36.0000000000000000000000000000000,,0.0001176832489569999717383963489,0.0483043848326377076030091473058,"36","36","140",3766.0000000000000000000000000000000,"000700","000700",101.0000000000000000000000000000000,3611.0000000000000000000000000000000,South Park,35.0000000000000000000000000000000
2548998.0000000000000000000000000000000,28.0000000000000000000000000000000,33.0000000000000000000000000000000,21975.0000000000000000000000000000000,1443.0000000000000000000000000000000,,"029","029",S,"36029016400","36029016400",{DF17DE95-576E-4381-8827-173BAD127473},0.0000000000000000000000000000000,627.0000000000000000000000000000000,1807.0000000000000000000000000000000,"+42.8750501","-078.8597329",G5020,101.0000000000000000000000000000000,"164",Census Tract 164,2408.0000000000000000000000000000000,41.0000000000000000000000000000000,1387.0000000000000000000000000000000,195.0000000000000000000000000000000,,0.0002832463268276185896360486183,0.0837417917749981449704321789795,"36","36","140",3035.0000000000000000000000000000000,"016400","016400",420.0000000000000000000000000000000,1235.0000000000000000000000000000000,Ellicott,30.0000000000000000000000000000000
4209552.0000000000000000000000000000000,12.0000000000000000000000000000000,3.0000000000000000000000000000000,2017407.0000000000000000000000000000000,92.0000000000000000000000000000000,,"029","029",S,"36029000500","36029000500",{E6AF269F-1371-45D4-97B0-101A32F8A16C},0.0000000000000000000000000000000,312.0000000000000000000000000000000,1072.0000000000000000000000000000000,"+42.8667471","-078.8711089",G5020,53.0000000000000000000000000000000,"5",Census Tract 5,1649.0000000000000000000000000000000,24.0000000000000000000000000000000,880.0000000000000000000000000000000,126.0000000000000000000000000000000,,0.0005492161931067297657438341929,0.1688267742898394985218146757688,"36","36","140",1961.0000000000000000000000000000000,"000500","000500",192.0000000000000000000000000000000,1675.0000000000000000000000000000000,Central,1.0000000000000000000000000000000
578728.0000000000000000000000000000000,5.0000000000000000000000000000000,27.0000000000000000000000000000000,0.0000000000000000000000000000000,1517.0000000000000000000000000000000,,"029","029",S,"36029005202","36029005202",{612608C7-5D4C-4BD0-8211-ECE0204B5280},1.0000000000000000000000000000000,99.0000000000000000000000000000000,1081.0000000000000000000000000000000,"+42.9246273","-078.8488046",G5020,71.0000000000000000000000000000000,"52.02",Census Tract 52.02,2818.0000000000000000000000000000000,79.0000000000000000000000000000000,923.0000000000000000000000000000000,26.0000000000000000000000000000000,,0.0000638097191841117305144068239,0.0369662634383138011262559530223,"36","36","140",2917.0000000000000000000000000000000,"005202","005202",158.0000000000000000000000000000000,1270.0000000000000000000000000000000,Hamlin Park,20.0000000000000000000000000000000
1963677.0000000000000000000000000000000,13.0000000000000000000000000000000,129.0000000000000000000000000000000,0.0000000000000000000000000000000,1378.0000000000000000000000000000000,,"029","029",S,"36029001600","36029001600",{5C1767CD-1BA4-4002-856A-CD9F5BDE5518},4.0000000000000000000000000000000,86.0000000000000000000000000000000,1704.0000000000000000000000000000000,"+42.8890431","-078.8308174",G5020,75.0000000000000000000000000000000,"16",Census Tract 16,2197.0000000000000000000000000000000,32.0000000000000000000000000000000,1118.0000000000000000000000000000000,39.0000000000000000000000000000000,,0.0002163896387700395664357988501,0.0781333865461591031698063147815,"36","36","140",2283.0000000000000000000000000000000,"001600","001600",586.0000000000000000000000000000000,645.0000000000000000000000000000000,Broadway Fillmore,23.0000000000000000000000000000000
1495601.0000000000000000000000000000000,3.0000000000000000000000000000000,19.0000000000000000000000000000000,0.0000000000000000000000000000000,2107.0000000000000000000000000000000,,"029","029",S,"36029003100","36029003100",{BDE7CA3A-4C85-4A04-AFBF-25562C0F71D9},4.0000000000000000000000000000000,58.0000000000000000000000000000000,1309.0000000000000000000000000000000,"+42.9004140","-078.8579891",G5020,35.0000000000000000000000000000000,"31",Census Tract 31,2236.0000000000000000000000000000000,56.0000000000000000000000000000000,1059.0000000000000000000000000000000,14.0000000000000000000000000000000,,0.0001648399018941565916974989481,0.0627377322342910492825041046672,"36","36","140",2294.0000000000000000000000000000000,"003100","003100",250.0000000000000000000000000000000,112.0000000000000000000000000000000,Fruit Belt,28.0000000000000000000000000000000
1824964.0000000000000000000000000000000,18.0000000000000000000000000000000,114.0000000000000000000000000000000,105583.0000000000000000000000000000000,439.0000000000000000000000000000000,,"029","029",S,"36029005400","36029005400",{7E1739BF-1958-4E55-B0B1-836F68228C9C},0.0000000000000000000000000000000,198.0000000000000000000000000000000,2053.0000000000000000000000000000000,"+42.9379527","-078.8681782",G5020,109.0000000000000000000000000000000,"54",Census Tract 54,3652.0000000000000000000000000000000,2.0000000000000000000000000000000,1900.0000000000000000000000000000000,62.0000000000000000000000000000000,,0.0002129102366282283704743139019,0.0809814013451095743301166862693,"36","36","140",3850.0000000000000000000000000000000,"005400","005400",153.0000000000000000000000000000000,3108.0000000000000000000000000000000,Parkside,13.0000000000000000000000000000000
987834.0000000000000000000000000000000,24.0000000000000000000000000000000,50.0000000000000000000000000000000,0.0000000000000000000000000000000,347.0000000000000000000000000000000,,"029","029",S,"36029004800","36029004800",{14BFBA13-6A9A-4568-B22F-6F17DD8C969A},4.0000000000000000000000000000000,198.0000000000000000000000000000000,1914.0000000000000000000000000000000,"+42.9487230","-078.8488360",G5020,72.0000000000000000000000000000000,"48",Census Tract 48,3621.0000000000000000000000000000000,74.0000000000000000000000000000000,1770.0000000000000000000000000000000,47.0000000000000000000000000000000,,0.0001089596872640888986991103415,0.0476500606527663073119782666254,"36","36","140",3819.0000000000000000000000000000000,"004800","004800",144.0000000000000000000000000000000,3275.0000000000000000000000000000000,North Park,12.0000000000000000000000000000000
1048076.0000000000000000000000000000000,12.0000000000000000000000000000000,68.0000000000000000000000000000000,0.0000000000000000000000000000000,627.0000000000000000000000000000000,,"029","029",S,"36029005201","36029005201",{D15B1DB4-C9A4-4153-8578-32ACCB47931A},2.0000000000000000000000000000000,131.0000000000000000000000000000000,1518.0000000000000000000000000000000,"+42.9351690","-078.8469117",G5020,66.0000000000000000000000000000000,"52.01",Census Tract 52.01,2896.0000000000000000000000000000000,78.0000000000000000000000000000000,1352.0000000000000000000000000000000,33.0000000000000000000000000000000,,0.0001155793704020870800615317098,0.0499007175197670321820098138232,"36","36","140",3027.0000000000000000000000000000000,"005201","005201",166.0000000000000000000000000000000,2219.0000000000000000000000000000000,Parkside,13.0000000000000000000000000000000
968242.0000000000000000000000000000000,15.0000000000000000000000000000000,51.0000000000000000000000000000000,0.0000000000000000000000000000000,3230.0000000000000000000000000000000,,"029","029",S,"36029004200","36029004200",{01351743-C611-4B66-B075-307474207459},0.0000000000000000000000000000000,87.0000000000000000000000000000000,1605.0000000000000000000000000000000,"+42.9352568","-078.8186443",G5020,68.0000000000000000000000000000000,"42",Census Tract 42,3433.0000000000000000000000000000000,66.0000000000000000000000000000000,1393.0000000000000000000000000000000,22.0000000000000000000000000000000,,0.0001067757467717234858353703153,0.0448643986820245893598624320475,"36","36","140",3520.0000000000000000000000000000000,"004200","004200",212.0000000000000000000000000000000,134.0000000000000000000000000000000,Kensington-Bailey,16.0000000000000000000000000000000
392016.0000000000000000000000000000000,41.0000000000000000000000000000000,203.0000000000000000000000000000000,0.0000000000000000000000000000000,384.0000000000000000000000000000000,,"029","029",S,"36029006601","36029006601",{0C3084F7-ECB0-468D-950E-41C14A75A3CF},1.0000000000000000000000000000000,477.0000000000000000000000000000000,1417.0000000000000000000000000000000,"+42.9134654","-078.8822804",G5020,87.0000000000000000000000000000000,"66.01",Census Tract 66.01,1964.0000000000000000000000000000000,12.0000000000000000000000000000000,1174.0000000000000000000000000000000,180.0000000000000000000000000000000,,0.0000432154657543522394179749679,0.0298455886550371245202750714043,"36","36","140",2441.0000000000000000000000000000000,"006601","006601",243.0000000000000000000000000000000,1545.0000000000000000000000000000000,Elmwood Bryant,5.0000000000000000000000000000000
591287.0000000000000000000000000000000,34.0000000000000000000000000000000,612.0000000000000000000000000000000,0.0000000000000000000000000000000,851.0000000000000000000000000000000,,"029","029",S,"36029006901","36029006901",{FE2D7145-65CE-448F-8219-1B9AF93BB3A4},1.0000000000000000000000000000000,1497.0000000000000000000000000000000,1729.0000000000000000000000000000000,"+42.9103864","-078.8918321",G5020,181.0000000000000000000000000000000,"69.01",Census Tract 69.01,2276.0000000000000000000000000000000,36.0000000000000000000000000000000,1323.0000000000000000000000000000000,607.0000000000000000000000000000000,,0.0000651799306482996694458303955,0.0379117748750660843448656578403,"36","36","140",3773.0000000000000000000000000000000,"006901","006901",406.0000000000000000000000000000000,1487.0000000000000000000000000000000,West Side,4.0000000000000000000000000000000
1163831.0000000000000000000000000000000,9.0000000000000000000000000000000,45.0000000000000000000000000000000,0.0000000000000000000000000000000,356.0000000000000000000000000000000,,"029","029",S,"36029001700","36029001700",{7554C3ED-084A-47D9-AEBA-866C9A712618},0.0000000000000000000000000000000,90.0000000000000000000000000000000,1031.0000000000000000000000000000000,"+42.8813926","-078.8352386",G5020,56.0000000000000000000000000000000,"17",Census Tract 17,1687.0000000000000000000000000000000,33.0000000000000000000000000000000,822.0000000000000000000000000000000,10.0000000000000000000000000000000,,0.0001282346460213682555646930172,0.0546569238920413813520582380079,"36","36","140",1777.0000000000000000000000000000000,"001700","001700",209.0000000000000000000000000000000,1301.0000000000000000000000000000000,Broadway Fillmore,23.0000000000000000000000000000000
1077646.0000000000000000000000000000000,91.0000000000000000000000000000000,568.0000000000000000000000000000000,237517.0000000000000000000000000000000,1343.0000000000000000000000000000000,,"029","029",S,"36029006100","36029006100",{0668421A-DA49-4C3E-BAEB-1FE2287398B5},5.0000000000000000000000000000000,1512.0000000000000000000000000000000,2281.0000000000000000000000000000000,"+42.9177210","-078.8964905",G5020,226.0000000000000000000000000000000,"61",Census Tract 61,3474.0000000000000000000000000000000,7.0000000000000000000000000000000,1799.0000000000000000000000000000000,599.0000000000000000000000000000000,,0.0001188893238887082318827603800,0.0675102580343873714951996589662,"36","36","140",4986.0000000000000000000000000000000,"006100","006100",482.0000000000000000000000000000000,2154.0000000000000000000000000000000,Upper West Side,6.0000000000000000000000000000000
549189.0000000000000000000000000000000,27.0000000000000000000000000000000,11.0000000000000000000000000000000,0.0000000000000000000000000000000,69.0000000000000000000000000000000,,"029","029",S,"36029000900","36029000900",{809493CB-3F54-479D-A83C-1C3AEB27711B},1.0000000000000000000000000000000,122.0000000000000000000000000000000,1141.0000000000000000000000000000000,"+42.8539070","-078.8165216",G5020,44.0000000000000000000000000000000,"9",Census Tract 9,2251.0000000000000000000000000000000,28.0000000000000000000000000000000,1061.0000000000000000000000000000000,24.0000000000000000000000000000000,,0.0000604848750738513787992417514,0.0375240131501518719980836635841,"36","36","140",2373.0000000000000000000000000000000,"000900","000900",80.0000000000000000000000000000000,2197.0000000000000000000000000000000,South Park,35.0000000000000000000000000000000
524580.0000000000000000000000000000000,3.0000000000000000000000000000000,2.0000000000000000000000000000000,0.0000000000000000000000000000000,1019.0000000000000000000000000000000,,"029","029",S,"36029003901","36029003901",{0B476802-F506-47F2-A392-F2A4A7F2DA91},9.0000000000000000000000000000000,18.0000000000000000000000000000000,583.0000000000000000000000000000000,"+42.9333346","-078.8266443",G5020,45.0000000000000000000000000000000,"39.01",Census Tract 39.01,1132.0000000000000000000000000000000,64.0000000000000000000000000000000,519.0000000000000000000000000000000,5.0000000000000000000000000000000,,0.0000578475528592809829561000035,0.0429006176306657785457510101423,"36","36","140",1150.0000000000000000000000000000000,"003901","003901",64.0000000000000000000000000000000,67.0000000000000000000000000000000,Fillmore-Leroy,13.0000000000000000000000000000000
1163946.0000000000000000000000000000000,41.0000000000000000000000000000000,55.0000000000000000000000000000000,0.0000000000000000000000000000000,931.0000000000000000000000000000000,,"029","029",S,"36029005100","36029005100",{95622382-E47C-40AE-A9D5-FE079DD5C7A3},4.0000000000000000000000000000000,364.0000000000000000000000000000000,2487.0000000000000000000000000000000,"+42.9556562","-078.8584839",G5020,164.0000000000000000000000000000000,"51",Census Tract 51,4052.0000000000000000000000000000000,77.0000000000000000000000000000000,2255.0000000000000000000000000000000,108.0000000000000000000000000000000,,0.0001283990376592143039559401618,0.0726245489842688440873530453246,"36","36","140",4416.0000000000000000000000000000000,"005100","005100",232.0000000000000000000000000000000,3113.0000000000000000000000000000000,North Park,12.0000000000000000000000000000000
1484416.0000000000000000000000000000000,9.0000000000000000000000000000000,10.0000000000000000000000000000000,0.0000000000000000000000000000000,2591.0000000000000000000000000000000,,"029","029",S,"36029003400","36029003400",{96F10969-7986-4EFC-B008-38CABE61D776},0.0000000000000000000000000000000,58.0000000000000000000000000000000,1618.0000000000000000000000000000000,"+42.9175956","-078.8337220",G5020,56.0000000000000000000000000000000,"34",Census Tract 34,2699.0000000000000000000000000000000,59.0000000000000000000000000000000,1195.0000000000000000000000000000000,16.0000000000000000000000000000000,,0.0001636523082971333442094119537,0.0585767651461001209733936434532,"36","36","140",2757.0000000000000000000000000000000,"003400","003400",423.0000000000000000000000000000000,75.0000000000000000000000000000000,Delavan Grider,19.0000000000000000000000000000000
873922.0000000000000000000000000000000,35.0000000000000000000000000000000,12.0000000000000000000000000000000,0.0000000000000000000000000000000,960.0000000000000000000000000000000,,"029","029",S,"36029007102","36029007102",{DEB297A1-CD4B-47D9-AFDB-8DE47D2A8D15},3.0000000000000000000000000000000,1034.0000000000000000000000000000000,1638.0000000000000000000000000000000,"+42.8889690","-078.8826534",G5020,100.0000000000000000000000000000000,"71.02",Census Tract 71.02,1647.0000000000000000000000000000000,19.0000000000000000000000000000000,1217.0000000000000000000000000000000,508.0000000000000000000000000000000,,0.0000963027452392211237401642432,0.0523505549619405138872529903438,"36","36","140",2681.0000000000000000000000000000000,"007102","007102",421.0000000000000000000000000000000,1063.0000000000000000000000000000000,Lower West Side,2.0000000000000000000000000000000
472938.0000000000000000000000000000000,48.0000000000000000000000000000000,182.0000000000000000000000000000000,0.0000000000000000000000000000000,347.0000000000000000000000000000000,,"029","029",S,"36029006501","36029006501",{1B09A597-49DF-4E7D-A6F6-D23257EB4293},0.0000000000000000000000000000000,337.0000000000000000000000000000000,1578.0000000000000000000000000000000,"+42.9178008","-078.8825825",G5020,99.0000000000000000000000000000000,"65.01",Census Tract 65.01,2546.0000000000000000000000000000000,11.0000000000000000000000000000000,1357.0000000000000000000000000000000,121.0000000000000000000000000000000,,0.0000521402685694212855455759170,0.0325868260441983734199133948550,"36","36","140",2883.0000000000000000000000000000000,"006501","006501",221.0000000000000000000000000000000,2086.0000000000000000000000000000000,Elmwood Bidwell,7.0000000000000000000000000000000
901305.0000000000000000000000000000000,30.0000000000000000000000000000000,51.0000000000000000000000000000000,0.0000000000000000000000000000000,1089.0000000000000000000000000000000,,"029","029",S,"36029016900","36029016900",{960AE7EE-47E2-4E30-AA47-5C694BEDCF34},0.0000000000000000000000000000000,233.0000000000000000000000000000000,1971.0000000000000000000000000000000,"+42.9188771","-078.8681735",G5020,93.0000000000000000000000000000000,"169",Census Tract 169,3401.0000000000000000000000000000000,53.0000000000000000000000000000000,1675.0000000000000000000000000000000,56.0000000000000000000000000000000,,0.0000993680519433210243662735195,0.0556372309145868396140777178971,"36","36","140",3634.0000000000000000000000000000000,"016900","016900",296.0000000000000000000000000000000,2315.0000000000000000000000000000000,Elmwood Bidwell,7.0000000000000000000000000000000
1121605.0000000000000000000000000000000,52.0000000000000000000000000000000,57.0000000000000000000000000000000,0.0000000000000000000000000000000,936.0000000000000000000000000000000,,"029","029",S,"36029004900","36029004900",{62B7A5C6-58B3-4AE9-B599-76DEAE4C70F9},0.0000000000000000000000000000000,400.0000000000000000000000000000000,3139.0000000000000000000000000000000,"+42.9492440","-078.8600101",G5020,229.0000000000000000000000000000000,"49",Census Tract 49,5583.0000000000000000000000000000000,75.0000000000000000000000000000000,2876.0000000000000000000000000000000,114.0000000000000000000000000000000,,0.0001237159262983497274527439069,0.0518706783966479192948817455999,"36","36","140",5983.0000000000000000000000000000000,"004900","004900",263.0000000000000000000000000000000,4595.0000000000000000000000000000000,North Park,12.0000000000000000000000000000000
791519.0000000000000000000000000000000,26.0000000000000000000000000000000,143.0000000000000000000000000000000,0.0000000000000000000000000000000,740.0000000000000000000000000000000,,"029","029",S,"36029006702","36029006702",{1EEE6046-23FB-4D0D-9067-FDD23A839724},1.0000000000000000000000000000000,214.0000000000000000000000000000000,2516.0000000000000000000000000000000,"+42.9069813","-078.8722536",G5020,107.0000000000000000000000000000000,"67.02",Census Tract 67.02,3010.0000000000000000000000000000000,15.0000000000000000000000000000000,2188.0000000000000000000000000000000,64.0000000000000000000000000000000,,0.0000872474524064850633520845635,0.0379140075465050352399032362882,"36","36","140",3224.0000000000000000000000000000000,"006702","006702",328.0000000000000000000000000000000,2143.0000000000000000000000000000000,Elmwood Bryant,5.0000000000000000000000000000000
1905845.0000000000000000000000000000000,11.0000000000000000000000000000000,15.0000000000000000000000000000000,0.0000000000000000000000000000000,132.0000000000000000000000000000000,,"029","029",S,"36029016700","36029016700",{3DEC35D0-1F4F-4108-B046-D076BDF2E22B},0.0000000000000000000000000000000,92.0000000000000000000000000000000,1303.0000000000000000000000000000000,"+42.8779109","-078.8079514",G5020,56.0000000000000000000000000000000,"167",Census Tract 167,2368.0000000000000000000000000000000,40.0000000000000000000000000000000,1141.0000000000000000000000000000000,25.0000000000000000000000000000000,,0.0002099802208988359175645399546,0.0623275575467929152106982826353,"36","36","140",2460.0000000000000000000000000000000,"016700","016700",162.0000000000000000000000000000000,2221.0000000000000000000000000000000,Kaisertown,32.0000000000000000000000000000000
1051060.0000000000000000000000000000000,20.0000000000000000000000000000000,48.0000000000000000000000000000000,0.0000000000000000000000000000000,104.0000000000000000000000000000000,,"029","029",S,"36029006302","36029006302",{F52D958B-30FE-450B-BA04-BC445F08185D},0.0000000000000000000000000000000,109.0000000000000000000000000000000,1338.0000000000000000000000000000000,"+42.9270127","-078.8724805",G5020,53.0000000000000000000000000000000,"63.02",Census Tract 63.02,2480.0000000000000000000000000000000,10.0000000000000000000000000000000,1212.0000000000000000000000000000000,14.0000000000000000000000000000000,,0.0001158933771384106667205748931,0.0515903379618900745362530813054,"36","36","140",2589.0000000000000000000000000000000,"006302","006302",126.0000000000000000000000000000000,2350.0000000000000000000000000000000,Elmwood Bidwell,7.0000000000000000000000000000000
687052.0000000000000000000000000000000,57.0000000000000000000000000000000,114.0000000000000000000000000000000,0.0000000000000000000000000000000,997.0000000000000000000000000000000,,"029","029",S,"36029007101","36029007101",{1A3A4668-45D3-4F27-A877-37855B03BB20},2.0000000000000000000000000000000,2170.0000000000000000000000000000000,1926.0000000000000000000000000000000,"+42.8956775","-078.8878732",G5020,158.0000000000000000000000000000000,"71.01",Census Tract 71.01,1472.0000000000000000000000000000000,18.0000000000000000000000000000000,1560.0000000000000000000000000000000,953.0000000000000000000000000000000,,0.0000757188774675028011991451127,0.0413500026552451466210769126519,"36","36","140",3642.0000000000000000000000000000000,"007101","007101",366.0000000000000000000000000000000,1361.0000000000000000000000000000000,Lower West Side,2.0000000000000000000000000000000
1481014.0000000000000000000000000000000,21.0000000000000000000000000000000,314.0000000000000000000000000000000,0.0000000000000000000000000000000,4314.0000000000000000000000000000000,,"029","029",S,"36029004700","36029004700",{06156495-B779-4600-B15C-209ABD7A9DE6},5.0000000000000000000000000000000,301.0000000000000000000000000000000,2912.0000000000000000000000000000000,"+42.9457588","-078.8221443",G5020,210.0000000000000000000000000000000,"47",Census Tract 47,6408.0000000000000000000000000000000,73.0000000000000000000000000000000,2580.0000000000000000000000000000000,79.0000000000000000000000000000000,,0.0001633502376624806104281339980,0.0558874244976379566662849640579,"36","36","140",6709.0000000000000000000000000000000,"004700","004700",332.0000000000000000000000000000000,1766.0000000000000000000000000000000,University Heights,15.0000000000000000000000000000000
2198732.0000000000000000000000000000000,36.0000000000000000000000000000000,111.0000000000000000000000000000000,0.0000000000000000000000000000000,1125.0000000000000000000000000000000,,"029","029",S,"36029005600","36029005600",{52E857A2-6120-48AD-B84C-CE5D8DCF3CA5},0.0000000000000000000000000000000,975.0000000000000000000000000000000,2022.0000000000000000000000000000000,"+42.9511733","-078.8866130",G5020,195.0000000000000000000000000000000,"56",Census Tract 56,3207.0000000000000000000000000000000,4.0000000000000000000000000000000,1782.0000000000000000000000000000000,444.0000000000000000000000000000000,,0.0002425332591306585171622711705,0.0683329442184644475499766258508,"36","36","140",4182.0000000000000000000000000000000,"005600","005600",240.0000000000000000000000000000000,2271.0000000000000000000000000000000,West Hertel,11.0000000000000000000000000000000
558476.0000000000000000000000000000000,23.0000000000000000000000000000000,188.0000000000000000000000000000000,0.0000000000000000000000000000000,584.0000000000000000000000000000000,,"029","029",S,"36029006701","36029006701",{289FDE4B-4F76-4717-AFE0-562C1C6358E6},4.0000000000000000000000000000000,383.0000000000000000000000000000000,2352.0000000000000000000000000000000,"+42.9074764","-078.8807648",G5020,107.0000000000000000000000000000000,"67.01",Census Tract 67.01,2971.0000000000000000000000000000000,14.0000000000000000000000000000000,2074.0000000000000000000000000000000,175.0000000000000000000000000000000,,0.0000615602676837995242773576843,0.0352908261337201850649236689605,"36","36","140",3354.0000000000000000000000000000000,"006701","006701",278.0000000000000000000000000000000,2273.0000000000000000000000000000000,Elmwood Bryant,5.0000000000000000000000000000000
709713.0000000000000000000000000000000,10.0000000000000000000000000000000,3.0000000000000000000000000000000,0.0000000000000000000000000000000,3236.0000000000000000000000000000000,,"029","029",S,"36029003301","36029003301",{443E9F88-9615-4E45-830B-0C206E713EE7},0.0000000000000000000000000000000,66.0000000000000000000000000000000,1806.0000000000000000000000000000000,"+42.9183617","-078.8486572",G5020,75.0000000000000000000000000000000,"33.01",Census Tract 33.01,3499.0000000000000000000000000000000,57.0000000000000000000000000000000,1469.0000000000000000000000000000000,21.0000000000000000000000000000000,,0.0000782448232117360204483647035,0.0357964480575594448663601099270,"36","36","140",3565.0000000000000000000000000000000,"003301","003301",337.0000000000000000000000000000000,220.0000000000000000000000000000000,Hamlin Park,20.0000000000000000000000000000000
956246.0000000000000000000000000000000,1.0000000000000000000000000000000,11.0000000000000000000000000000000,0.0000000000000000000000000000000,1304.0000000000000000000000000000000,,"029","029",S,"36029001500","36029001500",{9CF94535-0C1D-4F0A-9D02-6236494BF512},0.0000000000000000000000000000000,63.0000000000000000000000000000000,934.0000000000000000000000000000000,"+42.8854677","-078.8484885",G5020,42.0000000000000000000000000000000,"15",Census Tract 15,1422.0000000000000000000000000000000,31.0000000000000000000000000000000,691.0000000000000000000000000000000,16.0000000000000000000000000000000,,0.0001053688725680287886429797872,0.0425675051011999219796599902566,"36","36","140",1485.0000000000000000000000000000000,"001500","001500",243.0000000000000000000000000000000,111.0000000000000000000000000000000,Broadway Fillmore,23.0000000000000000000000000000000
445799.0000000000000000000000000000000,8.0000000000000000000000000000000,40.0000000000000000000000000000000,0.0000000000000000000000000000000,380.0000000000000000000000000000000,,"029","029",S,"36029006602","36029006602",{F5A2EB99-1F29-4D18-9FD0-8F33F62E631E},0.0000000000000000000000000000000,91.0000000000000000000000000000000,1463.0000000000000000000000000000000,"+42.9133787","-078.8711367",G5020,37.0000000000000000000000000000000,"66.02",Census Tract 66.02,2171.0000000000000000000000000000000,13.0000000000000000000000000000000,1321.0000000000000000000000000000000,26.0000000000000000000000000000000,,0.0000491445969426189139400706907,0.0322510404244712237109560248882,"36","36","140",2262.0000000000000000000000000000000,"006602","006602",142.0000000000000000000000000000000,1771.0000000000000000000000000000000,Elmwood Bryant,5.0000000000000000000000000000000
905389.0000000000000000000000000000000,11.0000000000000000000000000000000,625.0000000000000000000000000000000,0.0000000000000000000000000000000,1273.0000000000000000000000000000000,,"029","029",S,"36029002702","36029002702",{AAFAD264-BB0F-455D-B287-9022F173514D},0.0000000000000000000000000000000,42.0000000000000000000000000000000,1473.0000000000000000000000000000000,"+42.8987939","-078.8342606",G5020,75.0000000000000000000000000000000,"27.02",Census Tract 27.02,2383.0000000000000000000000000000000,47.0000000000000000000000000000000,1006.0000000000000000000000000000000,12.0000000000000000000000000000000,,0.0000997860933175275703968520880,0.0402898539871681254931345961268,"36","36","140",2425.0000000000000000000000000000000,"002702","002702",467.0000000000000000000000000000000,429.0000000000000000000000000000000,Broadway Fillmore,23.0000000000000000000000000000000
588769.0000000000000000000000000000000,9.0000000000000000000000000000000,1.0000000000000000000000000000000,0.0000000000000000000000000000000,2524.0000000000000000000000000000000,,"029","029",S,"36029004402","36029004402",{B8039C14-25B8-48EA-B14D-1E3731E777F5},0.0000000000000000000000000000000,122.0000000000000000000000000000000,1275.0000000000000000000000000000000,"+42.9308251","-078.8066868",G5020,45.0000000000000000000000000000000,"44.02",Census Tract 44.02,2560.0000000000000000000000000000000,69.0000000000000000000000000000000,1170.0000000000000000000000000000000,45.0000000000000000000000000000000,,0.0000649233659250259454061293685,0.0385546921559157609871171246141,"36","36","140",2682.0000000000000000000000000000000,"004402","004402",105.0000000000000000000000000000000,58.0000000000000000000000000000000,Kenfield,18.0000000000000000000000000000000
2022657.0000000000000000000000000000000,37.0000000000000000000000000000000,90.0000000000000000000000000000000,0.0000000000000000000000000000000,1436.0000000000000000000000000000000,,"029","029",S,"36029004500","36029004500",{4EEE4228-3C88-4A01-A53A-E447952FE555},3.0000000000000000000000000000000,253.0000000000000000000000000000000,2641.0000000000000000000000000000000,"+42.9478148","-078.8373461",G5020,144.0000000000000000000000000000000,"45",Census Tract 45,5216.0000000000000000000000000000000,70.0000000000000000000000000000000,2456.0000000000000000000000000000000,101.0000000000000000000000000000000,,0.0002230992426827299634009560414,0.0652222749956671843385436204699,"36","36","140",5469.0000000000000000000000000000000,"004500","004500",185.0000000000000000000000000000000,3658.0000000000000000000000000000000,Central Park,14.0000000000000000000000000000000
1019811.0000000000000000000000000000000,5.0000000000000000000000000000000,12.0000000000000000000000000000000,0.0000000000000000000000000000000,2849.0000000000000000000000000000000,,"029","029",S,"36029003302","36029003302",{07D8475E-47E4-49A8-8D68-0B61A7BD8623},0.0000000000000000000000000000000,70.0000000000000000000000000000000,1836.0000000000000000000000000000000,"+42.9094482","-078.8488101",G5020,43.0000000000000000000000000000000,"33.02",Census Tract 33.02,3049.0000000000000000000000000000000,58.0000000000000000000000000000000,1373.0000000000000000000000000000000,40.0000000000000000000000000000000,,0.0001124163432658069762103830724,0.0420569043325691865886639675409,"36","36","140",3119.0000000000000000000000000000000,"003302","003302",463.0000000000000000000000000000000,170.0000000000000000000000000000000,Masten Park,21.0000000000000000000000000000000
1163185.0000000000000000000000000000000,13.0000000000000000000000000000000,62.0000000000000000000000000000000,0.0000000000000000000000000000000,1475.0000000000000000000000000000000,,"029","029",S,"36029002800","36029002800",{C7D50CA7-51AF-4998-A044-E20A8A8F44F7},1.0000000000000000000000000000000,93.0000000000000000000000000000000,1387.0000000000000000000000000000000,"+42.9001695","-078.8208696",G5020,117.0000000000000000000000000000000,"28",Census Tract 28,2253.0000000000000000000000000000000,48.0000000000000000000000000000000,907.0000000000000000000000000000000,34.0000000000000000000000000000000,,0.0001282011139086358208864779851,0.0514835141182902605860860489884,"36","36","140",2346.0000000000000000000000000000000,"002800","002800",480.0000000000000000000000000000000,644.0000000000000000000000000000000,Genesee-Moselle,23.0000000000000000000000000000000
1003208.0000000000000000000000000000000,6.0000000000000000000000000000000,33.0000000000000000000000000000000,999478.0000000000000000000000000000000,345.0000000000000000000000000000000,,"029","029",S,"36029007202","36029007202",{361E7D06-2E7F-43B3-83FD-DB4A041B2999},0.0000000000000000000000000000000,432.0000000000000000000000000000000,1000.0000000000000000000000000000000,"+42.8918303","-078.8953198",G5020,62.0000000000000000000000000000000,"72.02",Census Tract 72.02,1207.0000000000000000000000000000000,20.0000000000000000000000000000000,908.0000000000000000000000000000000,178.0000000000000000000000000000000,,0.0001201335029554047783770243107,0.1035858870676141380018364657190,"36","36","140",1639.0000000000000000000000000000000,"007202","007202",92.0000000000000000000000000000000,1015.0000000000000000000000000000000,Central,1.0000000000000000000000000000000
4103900.0000000000000000000000000000000,43.0000000000000000000000000000000,8.0000000000000000000000000000000,114676.0000000000000000000000000000000,254.0000000000000000000000000000000,,"029","029",S,"36029016300","36029016300",{D979B086-6062-471D-A76A-BB42FA109CB0},1.0000000000000000000000000000000,268.0000000000000000000000000000000,1315.0000000000000000000000000000000,"+42.8713045","-078.8318145",G5020,88.0000000000000000000000000000000,"163",Census Tract 163,2198.0000000000000000000000000000000,39.0000000000000000000000000000000,1030.0000000000000000000000000000000,80.0000000000000000000000000000000,,0.0004647460312702962875047729696,0.1079150145242759872843407720211,"36","36","140",2466.0000000000000000000000000000000,"016300","016300",285.0000000000000000000000000000000,1992.0000000000000000000000000000000,Seneca Babcock,32.0000000000000000000000000000000
1210377.0000000000000000000000000000000,32.0000000000000000000000000000000,257.0000000000000000000000000000000,630182.0000000000000000000000000000000,671.0000000000000000000000000000000,,"029","029",S,"36029007000","36029007000",{40D6F341-E4D2-4C02-856E-8158936A7F0B},11.0000000000000000000000000000000,1276.0000000000000000000000000000000,1534.0000000000000000000000000000000,"+42.9016834","-078.8983498",G5020,126.0000000000000000000000000000000,"70",Census Tract 70,1857.0000000000000000000000000000000,17.0000000000000000000000000000000,1220.0000000000000000000000000000000,603.0000000000000000000000000000000,,0.0001321241983168445111203326281,0.0581163244765976194639023333366,"36","36","140",3133.0000000000000000000000000000000,"007000","007000",314.0000000000000000000000000000000,1433.0000000000000000000000000000000,West Side,4.0000000000000000000000000000000
1296215.0000000000000000000000000000000,18.0000000000000000000000000000000,32.0000000000000000000000000000000,0.0000000000000000000000000000000,445.0000000000000000000000000000000,,"029","029",S,"36029005000","36029005000",{3B6DBF52-CA79-4F51-BAA7-F36D65C1C610},2.0000000000000000000000000000000,195.0000000000000000000000000000000,1247.0000000000000000000000000000000,"+42.9511343","-078.8733546",G5020,96.0000000000000000000000000000000,"50",Census Tract 50,2214.0000000000000000000000000000000,76.0000000000000000000000000000000,1151.0000000000000000000000000000000,78.0000000000000000000000000000000,,0.0001429802684352597956420755088,0.0511627796545090843260972235385,"36","36","140",2409.0000000000000000000000000000000,"005000","005000",96.0000000000000000000000000000000,1738.0000000000000000000000000000000,North Park,12.0000000000000000000000000000000
1090392.0000000000000000000000000000000,27.0000000000000000000000000000000,33.0000000000000000000000000000000,0.0000000000000000000000000000000,98.0000000000000000000000000000000,,"029","029",S,"36029000800","36029000800",{3829B38B-D49D-43F3-AC96-C4881C98DD84},1.0000000000000000000000000000000,349.0000000000000000000000000000000,2114.0000000000000000000000000000000,"+42.8476264","-078.8171281",G5020,104.0000000000000000000000000000000,"8",Census Tract 8,4355.0000000000000000000000000000000,27.0000000000000000000000000000000,1949.0000000000000000000000000000000,121.0000000000000000000000000000000,,0.0001200778270181697220640726353,0.0550479681147006266739296620472,"36","36","140",4704.0000000000000000000000000000000,"000800","000800",165.0000000000000000000000000000000,4320.0000000000000000000000000000000,South Park,35.0000000000000000000000000000000
1218299.0000000000000000000000000000000,49.0000000000000000000000000000000,273.0000000000000000000000000000000,298165.0000000000000000000000000000000,635.0000000000000000000000000000000,,"029","029",S,"36029005900","36029005900",{F1DF0B18-82C5-459E-BF8F-23211B35E7FF},0.0000000000000000000000000000000,801.0000000000000000000000000000000,1928.0000000000000000000000000000000,"+42.9373135","-078.9031215",G5020,203.0000000000000000000000000000000,"59",Census Tract 59,3156.0000000000000000000000000000000,6.0000000000000000000000000000000,1666.0000000000000000000000000000000,314.0000000000000000000000000000000,,0.0001371302623235296077805478454,0.0643897178381209189801381853613,"36","36","140",3957.0000000000000000000000000000000,"005900","005900",262.0000000000000000000000000000000,2483.0000000000000000000000000000000,Black Rock,8.0000000000000000000000000000000
820456.0000000000000000000000000000000,6.0000000000000000000000000000000,807.0000000000000000000000000000000,0.0000000000000000000000000000000,514.0000000000000000000000000000000,,"029","029",S,"36029004601","36029004601",{163ADB04-9E1E-423E-BAC2-84F2CFFB03A4},0.0000000000000000000000000000000,140.0000000000000000000000000000000,1515.0000000000000000000000000000000,"+42.9554988","-078.8287276",G5020,115.0000000000000000000000000000000,"46.01",Census Tract 46.01,3374.0000000000000000000000000000000,71.0000000000000000000000000000000,1414.0000000000000000000000000000000,42.0000000000000000000000000000000,,0.0000905071834618698610984421915,0.0470129292504127827001525474770,"36","36","140",3514.0000000000000000000000000000000,"004601","004601",101.0000000000000000000000000000000,2030.0000000000000000000000000000000,University Heights,15.0000000000000000000000000000000
1163904.0000000000000000000000000000000,37.0000000000000000000000000000000,35.0000000000000000000000000000000,0.0000000000000000000000000000000,145.0000000000000000000000000000000,,"029","029",S,"36029000600","36029000600",{A1D6CEC1-B28A-4354-AA92-DE9C0C2ED0F4},0.0000000000000000000000000000000,217.0000000000000000000000000000000,2227.0000000000000000000000000000000,"+42.8377227","-078.8184466",G5020,91.0000000000000000000000000000000,"6",Census Tract 6,4535.0000000000000000000000000000000,25.0000000000000000000000000000000,2061.0000000000000000000000000000000,52.0000000000000000000000000000000,,0.0001281527875001710597285820015,0.0477093199669194750756062717301,"36","36","140",4752.0000000000000000000000000000000,"000600","000600",166.0000000000000000000000000000000,4392.0000000000000000000000000000000,South Park,35.0000000000000000000000000000000
1085550.0000000000000000000000000000000,18.0000000000000000000000000000000,29.0000000000000000000000000000000,0.0000000000000000000000000000000,4034.0000000000000000000000000000000,,"029","029",S,"36029004100","36029004100",{4C6A8FBD-435B-45F5-B826-A8A651EA5203},1.0000000000000000000000000000000,115.0000000000000000000000000000000,2215.0000000000000000000000000000000,"+42.9259217","-078.8092432",G5020,101.0000000000000000000000000000000,"41",Census Tract 41,4382.0000000000000000000000000000000,65.0000000000000000000000000000000,1901.0000000000000000000000000000000,24.0000000000000000000000000000000,,0.0001196943841880804878380351042,0.0602196872126893045784612468196,"36","36","140",4497.0000000000000000000000000000000,"004100","004100",314.0000000000000000000000000000000,290.0000000000000000000000000000000,Kenfield,18.0000000000000000000000000000000
731410.0000000000000000000000000000000,32.0000000000000000000000000000000,157.0000000000000000000000000000000,0.0000000000000000000000000000000,553.0000000000000000000000000000000,,"029","029",S,"36029006301","36029006301",{5E94C843-4EF2-4F53-8713-DC361B26CACA},6.0000000000000000000000000000000,434.0000000000000000000000000000000,2451.0000000000000000000000000000000,"+42.9239600","-078.8822307",G5020,168.0000000000000000000000000000000,"63.01",Census Tract 63.01,4275.0000000000000000000000000000000,9.0000000000000000000000000000000,2212.0000000000000000000000000000000,183.0000000000000000000000000000000,,0.0000806438197449481440192559090,0.0370147130336742277711969961729,"36","36","140",4709.0000000000000000000000000000000,"006301","006301",239.0000000000000000000000000000000,3610.0000000000000000000000000000000,Elmwood Bidwell,7.0000000000000000000000000000000
1889028.0000000000000000000000000000000,9.0000000000000000000000000000000,28.0000000000000000000000000000000,12723.0000000000000000000000000000000,678.0000000000000000000000000000000,,"029","029",S,"36029016500","36029016500",{59FE8A31-8CC6-4126-9079-33A2A5ACB902},3.0000000000000000000000000000000,212.0000000000000000000000000000000,822.0000000000000000000000000000000,"+42.8845871","-078.8730207",G5020,53.0000000000000000000000000000000,"165",Census Tract 165,1586.0000000000000000000000000000000,42.0000000000000000000000000000000,629.0000000000000000000000000000000,27.0000000000000000000000000000000,,0.0002095497732796415546463464352,0.0631694828076950765094466078153,"36","36","140",1798.0000000000000000000000000000000,"016500","016500",193.0000000000000000000000000000000,1000.0000000000000000000000000000000,Central,1.0000000000000000000000000000000
1551922.0000000000000000000000000000000,61.0000000000000000000000000000000,248.0000000000000000000000000000000,0.0000000000000000000000000000000,750.0000000000000000000000000000000,,"029","029",S,"36029005500","36029005500",{FED37615-4ACB-4AAA-88A0-54DBD219E27A},1.0000000000000000000000000000000,637.0000000000000000000000000000000,2083.0000000000000000000000000000000,"+42.9389099","-078.8889077",G5020,232.0000000000000000000000000000000,"55",Census Tract 55,3417.0000000000000000000000000000000,3.0000000000000000000000000000000,1759.0000000000000000000000000000000,247.0000000000000000000000000000000,,0.0001711521385653214794020371414,0.0721562809026101703580025059637,"36","36","140",4054.0000000000000000000000000000000,"005500","005500",324.0000000000000000000000000000000,2515.0000000000000000000000000000000,Grant-Amherst,9.0000000000000000000000000000000
8386054.0000000000000000000000000000000,24.0000000000000000000000000000000,13.0000000000000000000000000000000,1313259.0000000000000000000000000000000,156.0000000000000000000000000000000,,"029","029",S,"36029000110","36029000110",{2C61AB66-762A-4E9D-929A-CF081A05856F},1.0000000000000000000000000000000,441.0000000000000000000000000000000,1253.0000000000000000000000000000000,"+42.8474971","-078.8466971",G5020,105.0000000000000000000000000000000,"1.10",Census Tract 1.10,2320.0000000000000000000000000000000,38.0000000000000000000000000000000,1095.0000000000000000000000000000000,148.0000000000000000000000000000000,,0.0009656810183937044461677245977,0.2232026510747998626627008889045,"36","36","140",2761.0000000000000000000000000000000,"000110","000110",158.0000000000000000000000000000000,2314.0000000000000000000000000000000,Hopkins-Tifft,33.0000000000000000000000000000000
